Run,Fraction,Mixture,TechRepMixture,Channel,Condition,BioReplicate
MC025_HEK293T_Nucleosomes_TMTpro_run1,1,1,1,channel.1,Bridge,1_Bridge
MC025_HEK293T_Nucleosomes_TMTpro_run1,1,1,1,channel.2,AP,1_AP
MC025_HEK293T_Nucleosomes_TMTpro_run1,1,1,1,channel.3,AP,2_AP
MC025_HEK293T_Nucleosomes_TMTpro_run1,1,1,1,channel.4,AP,3_AP
MC025_HEK293T_Nucleosomes_TMTpro_run1,1,1,1,channel.5,Q24A,1_Q24A
MC025_HEK293T_Nucleosomes_TMTpro_run1,1,1,1,channel.6,Q24A,2_Q24A
MC025_HEK293T_Nucleosomes_TMTpro_run1,1,1,1,channel.7,Q24A,3_Q24A
MC025_HEK293T_Nucleosomes_TMTpro_run1,1,1,1,channel.8,E56A,1_E56A
MC025_HEK293T_Nucleosomes_TMTpro_run1,1,1,1,channel.9,E56A,2_E56A
MC025_HEK293T_Nucleosomes_TMTpro_run1,1,1,1,channel.10,E56A,3_E56A
MC025_HEK293T_Nucleosomes_TMTpro_run1,1,1,1,channel.11,E56Q,1_E56Q
MC025_HEK293T_Nucleosomes_TMTpro_run1,1,1,1,channel.12,E56Q,2_E56Q
MC025_HEK293T_Nucleosomes_TMTpro_run1,1,1,1,channel.13,E56Q,3_E56Q
MC025_HEK293T_Nucleosomes_TMTpro_run1,1,1,1,channel.14,WT,1_WT
MC025_HEK293T_Nucleosomes_TMTpro_run1,1,1,1,channel.15,WT,2_WT
MC025_HEK293T_Nucleosomes_TMTpro_run1,1,1,1,channel.16,WT,3_WT
MC026_HEK293T_Nucleosomes_TMTpro_run2,1,2,1,channel.1,Bridge,1_Bridge
MC026_HEK293T_Nucleosomes_TMTpro_run2,1,2,1,channel.2,E61A,1_E61A
MC026_HEK293T_Nucleosomes_TMTpro_run2,1,2,1,channel.3,E61A,2_E61A
MC026_HEK293T_Nucleosomes_TMTpro_run2,1,2,1,channel.4,E61A,3_E61A
MC026_HEK293T_Nucleosomes_TMTpro_run2,1,2,1,channel.5,E64A,1_E64A
MC026_HEK293T_Nucleosomes_TMTpro_run2,1,2,1,channel.6,E64A,2_E64A
MC026_HEK293T_Nucleosomes_TMTpro_run2,1,2,1,channel.7,E64A,3_E64A
MC026_HEK293T_Nucleosomes_TMTpro_run2,1,2,1,channel.8,N68A,1_N68A
MC026_HEK293T_Nucleosomes_TMTpro_run2,1,2,1,channel.9,N68A,2_N68A
MC026_HEK293T_Nucleosomes_TMTpro_run2,1,2,1,channel.10,N68A,3_N68A
MC026_HEK293T_Nucleosomes_TMTpro_run2,1,2,1,channel.11,D72A,1_D72A
MC026_HEK293T_Nucleosomes_TMTpro_run2,1,2,1,channel.12,D72A,2_D72A
MC026_HEK293T_Nucleosomes_TMTpro_run2,1,2,1,channel.13,D72A,3_D72A
MC026_HEK293T_Nucleosomes_TMTpro_run2,1,2,1,channel.14,WT,1_WT
MC026_HEK293T_Nucleosomes_TMTpro_run2,1,2,1,channel.15,WT,2_WT
MC026_HEK293T_Nucleosomes_TMTpro_run2,1,2,1,channel.16,WT,3_WT
MC027_HEK293T_Nucleosomes_TMTpro_run3,1,3,1,channel.1,Bridge,1_Bridge
MC027_HEK293T_Nucleosomes_TMTpro_run3,1,3,1,channel.2,N89A,1_N89A
MC027_HEK293T_Nucleosomes_TMTpro_run3,1,3,1,channel.3,N89A,2_N89A
MC027_HEK293T_Nucleosomes_TMTpro_run3,1,3,1,channel.4,N89A,3_N89A
MC027_HEK293T_Nucleosomes_TMTpro_run3,1,3,1,channel.5,D90A,1_D90A
MC027_HEK293T_Nucleosomes_TMTpro_run3,1,3,1,channel.6,D90A,2_D90A
MC027_HEK293T_Nucleosomes_TMTpro_run3,1,3,1,channel.7,D90A,3_D90A
MC027_HEK293T_Nucleosomes_TMTpro_run3,1,3,1,channel.8,E91A,1_E91A
MC027_HEK293T_Nucleosomes_TMTpro_run3,1,3,1,channel.9,E91A,2_E91A
MC027_HEK293T_Nucleosomes_TMTpro_run3,1,3,1,channel.10,E91A,3_E91A
MC027_HEK293T_Nucleosomes_TMTpro_run3,1,3,1,channel.11,Q47A,1_Q47A
MC027_HEK293T_Nucleosomes_TMTpro_run3,1,3,1,channel.12,Q47A,2_Q47A
MC027_HEK293T_Nucleosomes_TMTpro_run3,1,3,1,channel.13,Q47A,3_Q47A
MC027_HEK293T_Nucleosomes_TMTpro_run3,1,3,1,channel.14,WT,1_WT
MC027_HEK293T_Nucleosomes_TMTpro_run3,1,3,1,channel.15,WT,2_WT
MC027_HEK293T_Nucleosomes_TMTpro_run3,1,3,1,channel.16,WT,3_WT
MC028_HEK293T_Nucleosomes_TMTpro_run4,1,4,1,channel.1,Bridge,1_Bridge
MC028_HEK293T_Nucleosomes_TMTpro_run4,1,4,1,channel.2,E92A,1_E92A
MC028_HEK293T_Nucleosomes_TMTpro_run4,1,4,1,channel.3,E92A,2_E92A
MC028_HEK293T_Nucleosomes_TMTpro_run4,1,4,1,channel.4,E92A,3_E92A
MC028_HEK293T_Nucleosomes_TMTpro_run4,1,4,1,channel.5,E92K,1_E92K
MC028_HEK293T_Nucleosomes_TMTpro_run4,1,4,1,channel.6,E92K,2_E92K
MC028_HEK293T_Nucleosomes_TMTpro_run4,1,4,1,channel.7,E92K,3_E92K
MC028_HEK293T_Nucleosomes_TMTpro_run4,1,4,1,channel.8,E113A,1_E113A
MC028_HEK293T_Nucleosomes_TMTpro_run4,1,4,1,channel.9,E113A,2_E113A
MC028_HEK293T_Nucleosomes_TMTpro_run4,1,4,1,channel.10,E113A,3_E113A
MC028_HEK293T_Nucleosomes_TMTpro_run4,1,4,1,channel.11,E113Q,1_E113Q
MC028_HEK293T_Nucleosomes_TMTpro_run4,1,4,1,channel.12,E113Q,2_E113Q
MC028_HEK293T_Nucleosomes_TMTpro_run4,1,4,1,channel.13,E113Q,3_E113Q
MC028_HEK293T_Nucleosomes_TMTpro_run4,1,4,1,channel.14,WT,1_WT
MC028_HEK293T_Nucleosomes_TMTpro_run4,1,4,1,channel.15,WT,2_WT
MC028_HEK293T_Nucleosomes_TMTpro_run4,1,4,1,channel.16,WT,3_WT
